SP,Canopy_1_Alive_Trees,Canopy_1_Dead_Trees,Canopy_1_New_Trees,Canopy_1_Mean_DBH,Canopy_1_Mean_Height,Canopy_2_Alive_Trees,Canopy_2_Dead_Trees,Canopy_2_New_Trees,Canopy_2_Mean_DBH,Canopy_2_Mean_Height
Ace_pla,3,0,0,17.733333333333334,13.966666540333334,9,0,1,11.63,11.8100000189
Ace_pse,6,1,0,8.514285714285714,9.671428680428571,20,3,2,7.452,8.27599993704
Car_bet,34,0,0,31.07941176470588,20.735293963617647,22,0,8,16.1,12.416666631833333
Fra_exc,4,3,0,23.7,28.71428639728571,NA,NA,NA,NA,NA
Que_rob,40,1,0,43.607317073170734,29.50243903390244,4,1,0,27.5,22.9
Til_spe,15,0,0,14.62,12.113333383933334,65,1,19,8.589411764705883,7.436470586
Ulm_spe,10,2,0,12.716666666666667,10.966666698416667,34,7,14,9.290909090909091,8.072727297781817
